,Дата,"Вес
 (пишем с десятыми/сотыми, наприме 50,23)",Калории,Белки,Жиры,Уг,Клетчатка,Качество и кол-во сна,Активность (шаги),"Тренировки
(вид активности + время)",Опросник (пройди в начале недели),,Тренд веса (EMA),Твой реальный расход ккал,Динамика веса,Среднее кол-во ккал за неделю (не заполняем),Средний вес за неделю,Динамика веса за неделю,Выбери темп похудения/набора,Планка на след. неделю,,,,,Планка,Норма,Факт
тест-неделя,08.03.2026,"84,20",,,,,,"🟢 выспался, энергия норм",7 807,,Легкость соблюдения плана,🟡,"84,20",,,"2142,0","83,79",,,,,,,,Ккал,2200,
,09.03.2026,"84,20",2 124,,,,,"🟢 выспался, энергия норм",14 763,"CrossFit, 84 мин",Прогресс (визуально/сила),🟡,"84,20",,,,,,,,,,,,Белок,150<,
,10.03.2026,"84,20",2 248,,,,,"🟢 выспался, энергия норм",6 285,,Общий ур. энергии,🟢,"84,20",,,,,,,,,,,,Жиры,30-60,
,11.03.2026,"83,80",2 228,,,,,"🟢 выспался, энергия норм",10 922,"CF, 76 мин","Постоянное чувство голода, но норм.",,"84,14",,,,,,,,,,,,Углеводы,200-250,
,12.03.2026,"83,60",2 200,,,,,"🟢 выспался, энергия норм",7 223,,,,"84,06",,,,,,,,,,,,Шаги.,10000,
,13.03.2026,"83,50",1 933,,,,,"🟢 выспался, энергия норм",14 462,"CF, 75 мин",,,"83,98",,,,,,,,,,,,Клетчатка,,
,14.03.2026,"83,00",2 119,,,,,"🟢 выспался, энергия норм",15 701,,,,"83,83",2550,"-0,44%",,,,"-0,50%",2089,,,,,Вес,77,
1 неделя,15.03.2026,"83,60",2 063,,,,,🟡 недоспал или сон так себе,10 678,"Легкая тренировка Active rest, протягивание",Легкость соблюдения плана,🟡,"83,79",,,"2106,9","82,63","-1,16",,,,,,,,,
,16.03.2026,"82,90",2 023,,,,,"🟢 выспался, энергия норм",13 069,"CrossFit, 95 мин",Прогресс (визуально/сила),🟡,"83,66",,,,,,,,,,,,,,
,17.03.2026,"82,60",2 289,,,,,🟡 недоспал или сон так себе,8 465,,Общий ур. энергии,🟡,"83,50",,,,,,,,,,,,,,
,18.03.2026,"82,50",2 013,,,,,🟡 недоспал или сон так себе,14 491,"CF, 85 мин","В целом норм. Неделя была сложная психологически, плохо спал из-за различных проблем на работе. 
Чувство голода уже не так беспокоит. ",,"83,35",,,,,,,,,,,,,,
,19.03.2026,"82,20",2 294,,,196,,🟡 недоспал или сон так себе,5 417,,,,"83,18",,,,,,,,,,,,,,
,20.03.2026,"82,50",2 016,157,,156,,🟡 недоспал или сон так себе,14 010,"CF, 80 мин",,,"83,08",,,,,,,,,,,,,,
,21.03.2026,"82,10",2 050,131,,231,,"🔴 не выспался, сильная сонливость",7 400,,,,"82,93",3058,"-1,07%",,,,"0,50%",3514,,,,,,,
2 неделя,22.03.2026,"82,50",2 040,158,,206,,"🟢 выспался, энергия норм",14 323,"CF, 85 мин",Легкость соблюдения плана,🟡,"82,87",,,"2145,6","81,89","-0,74",,,,,,,,,
,23.03.2026,"82,20",1 895,157,,175,,🟡 недоспал или сон так себе,11 637,,Прогресс (визуально/сила),🟡,"82,77",,,,,,,,,,,,,,
,24.03.2026,"82,00",2 006,154,71,210,,"🔴 не выспался, сильная сонливость",14 416,"CF, 90 мин",Общий ур. энергии,🟡,"82,65",,,,,,,,,,,,,,
,25.03.2026,"81,60",2 435,168,109,157,,"🟢 выспался, энергия норм",8 282,,Неделя была очень сложная из-за работы. Чувство голода почти не беспокоит. ,,"82,49",,,,,,,,,,,,,,
,26.03.2026,"81,50",2 219,160,80,205,,🟡 недоспал или сон так себе,10 135,,,,"82,34",,,,,,,,,,,,,,
,27.03.2026,"82,00",2 028,158,88,159,,🟡 недоспал или сон так себе,14 003,"CF, 90 мин",,,"82,29",,,,,,,,,,,,,,
,28.03.2026,"81,40",2 396,146,89,199,,"🟢 выспался, энергия норм",7 753,,,,"82,16",2923,"-0,93%",,,,"-0,50%",2471,,,,,,,
3 неделя,29.03.2026,"82,30",1 727,156,39,185,,"🔴 не выспался, сильная сонливость",10 090,"CF, 90 мин",Легкость соблюдения плана,🟢,"82,18",,,"1957,7","81,26","-0,63",,,,,,,,,
,30.03.2026,"81,70",1 997,167,50,218,,"🟢 выспался, энергия норм",11 396,,Прогресс (визуально/сила),🟡,"82,11",,,,,,,,,,,,,,
,31.03.2026,"81,30",2 036,153,55,226,,"🟢 выспался, энергия норм",15 642,"CF, 90 мин",Общий ур. энергии,🟡,"81,99",,,,,,,,,,,,,,
,01.04.2026,"81,00",2 030,156,73,158,,🟡 недоспал или сон так себе,5 808,,"Было довольно легко. Чувства голода почти нет. Наоборот после приема пищи чувствую, что ""переел"". ",,"81,84",,,,,,,,,,,,,,
,02.04.2026,"80,80",2 014,152,90,141,,"🟢 выспался, энергия норм",13 562,,,,"81,68",,,,,,,,,,,,,,
,03.04.2026,"80,70",2 084,141,90,177,,"🟢 выспался, энергия норм",15 324,,,,"81,54",,,,,,,,,,,,,,
,04.04.2026,"81,00",1 816,155,50,188,,🟡 недоспал или сон так себе,23 559,,,,"81,46",2755,"-0,86%",,,,"-0,50%",2307,,,,,,,
4 неделя,05.04.2026,"81,50",1 976,165,55,207,,🟡 недоспал или сон так себе,7 501,,Легкость соблюдения плана,🟢,"81,46",,,"2088,6","80,43","-0,83",,,,,,,,,
,06.04.2026,"81,50",1 865,158,55,182,,"🟢 выспался, энергия норм",24 400,Тренировка 1,Прогресс (визуально/сила),🟡,"81,47",,,,,,,,,,,,,,
,07.04.2026,"80,40",2 038,157,86,156,,🟡 недоспал или сон так себе,8 539,,Общий ур. энергии,🟡,"81,31",,,,,,,,,,,,,,
,08.04.2026,"79,70",2 084,161,60,226,,"🟢 выспался, энергия норм",13 990,"CF, 95 мин",Во вторник прям сильно голодный ложился. В субботу тоже. Но в целом норм. ,,"81,07",,,,,,,,,,,,,,
,09.04.2026,"79,40",2 746,141,102,234,,"🟢 выспался, энергия норм",8 385,,,,"80,82",,,,,,,,,,,,,,
,10.04.2026,"80,60",1 859,156,42,209,,🟡 недоспал или сон так себе,8 828,Тренировка 2,,,"80,78",,,,,,,,,,,,,,
,11.04.2026,"79,90",2 052,161,82,158,,"🟢 выспался, энергия норм",10 194,,,,"80,65",2980,"-0,99%",,,,"-0,50%",2537,,,,,,,
5 неделя,12.04.2026,"79,30",2 067,161,65,200,,"🟢 выспался, энергия норм",11 698,Тренировка 3,Легкость соблюдения плана,🟢,"80,45",,,"2129,3","79,27","-1,16",,,,,,,,,
,13.04.2026,"79,00",2 109,169,60,227,,"🟢 выспался, энергия норм",7 020,,Прогресс (визуально/сила),🟡,"80,23",,,,,,,,,,,,,,
,14.04.2026,"79,40",2 150,161,77,202,,"🟢 выспался, энергия норм",13 317,Тренировка 1,Общий ур. энергии,🟢,"80,11",,,,,,,,,,,,,,
,15.04.2026,"79,20",2 116,161,94,208,,🟡 недоспал или сон так себе,9 298,,"Все шло по плану. Голода уже почти нет, только между завтраком и обедом. ",,"79,97",,,,,,,,,,,,,,
,16.04.2026,"79,60",2 137,163,78,208,,🟡 недоспал или сон так себе,11 977,"CF, 90 мин",,,"79,92",,,,,,,,,,,,,,
,17.04.2026,"79,10",2 112,161,65,212,,"🟢 выспался, энергия норм",10 050,,,,"79,79",,,,,,,,,,,,,,
,18.04.2026,"79,30",2 214,160,75,222,,"🟢 выспался, энергия норм",16 300,Тренировка 2,,,"79,72",2932,"-1,16%",,,,"-0,50%",2494,,,,,,,
6 неделя,19.04.2026,"79,30",2 165,155,62,241,,"🟢 выспался, энергия норм",7 331,,Легкость соблюдения плана,🟢,"79,66",,,"2155,0","79,01","-0,26",,,,,,,,,
,20.04.2026,"79,30",2 124,166,62,217,,"🟢 выспался, энергия норм",11 576,Тренировка 3,Прогресс (визуально/сила),🟡,"79,60",,,,,,,,,,,,,,
,21.04.2026,"78,70",1 955,162,59,191,,"🟢 выспался, энергия норм",10 606,,Общий ур. энергии,🟢,"79,47",,,,,,,,,,,,,,
,22.04.2026,"78,90",2 172,165,54,260,,"🟢 выспался, энергия норм",13 077,"CF, 90 мин","Никак не могу привыкнуть к новой норме по калориям. В целом, силы есть, прогресс по весу тоже. 
",,"79,38",,,,,,,,,,,,,,
,23.04.2026,"78,80",2 162,175,46,259,,🟡 недоспал или сон так себе,9 185,,,,"79,29",,,,,,,,,,,,,,
,24.04.2026,"79,30",2 159,169,71,253,,🟡 недоспал или сон так себе,12 817,Тренировка 1,,,"79,30",,,,,,,,,,,,,,
,25.04.2026,"78,80",2 348,143,83,255,,"🟢 выспался, энергия норм",9 672,,,,"79,22",2633,"-0,62%",,,,"-0,50%",2198,,,,,,,
7 неделя,26.04.2026,"80,50",2 082,164,73,191,,🟡 недоспал или сон так себе,17 637,Тренировка 2,Легкость соблюдения плана,🟢,"79,41",,,"2253,4","78,66","-0,36",,,,,,,,,
,27.04.2026,"78,50",2 242,171,67,231,,"🟢 выспался, энергия норм",10 181,,Прогресс (визуально/сила),🟡,"79,28",,,,,,,,,,,,,,
,28.04.2026,"78,60",2 240,166,68,225,,🟡 недоспал или сон так себе,11 284,Тренировка 3,Общий ур. энергии,🟢,"79,17",,,,,,,,,,,,,,
,29.04.2026,"78,40",2 260,174,55,226,,"🟢 выспался, энергия норм",10 919,,Все в порядке.,,"79,06",,,,,,,,,,,,,,
,30.04.2026,"78,40",2 269,171,58,261,,🟡 недоспал или сон так себе,7 947,,,,"78,96",,,,,,,,,,,,,,
,01.05.2026,"78,30",2 382,167,70,262,,"🟢 выспался, энергия норм",15 569,"CF, 100 мин",,,"78,86",,,,,,,,,,,,,,
,02.05.2026,"77,90",2 299,173,74,204,,"🟢 выспался, энергия норм",18 503,,,,"78,72",3020,"-0,64%",,,,"-0,50%",2587,,,,,,,
8 неделя,03.05.2026,"77,80",2 330,166,69,258,,"🟢 выспался, энергия норм",16 613,Тренировка 1,Легкость соблюдения плана,🟢,"78,58",,,"2340,1","78,13","-0,53",,,,,,,,,
,04.05.2026,"77,50",2 334,184,63,254,,🟡 недоспал или сон так себе,11 447,,Прогресс (визуально/сила),🟡,"78,42",,,,,,,,,,,,,,
,05.05.2026,"77,90",2 327,172,43,310,,"🟢 выспался, энергия норм",11 160,Тренировка 2,Общий ур. энергии,🟡,"78,34",,,,,,,,,,,,,,
,06.05.2026,"78,10",2 363,169,59,279,,🟡 недоспал или сон так себе,7 158,,Аналогично прошлой неделе. Все в порядке. Соблюдение калорий не вызывает сложностей.,,"78,30",,,,,,,,,,,,,,
,07.05.2026,"78,10",2 362,164,91,198,,"🟢 выспался, энергия норм",12 953,"CF, 100 мин",,,"78,27",,,,,,,,,,,,,,
,08.05.2026,"79,80",2 379,179,56,238,,🟡 недоспал или сон так себе,12 264,,,,"78,50",,,,,,,,,,,,,,
,09.05.2026,"77,70",2 286,162,60,270,,🟡 недоспал или сон так себе,14 218,Тренировка 3,,,"78,38",2557,"-0,43%",,,,"-0,50%",2126,,,,,,,
9 неделя,10.05.2026,"77,00",2 562,167,75,310,,"🔴 не выспался, сильная сонливость",8 394,,Легкость соблюдения плана,,"78,17",,,"2374,1","77,34","-0,79",,,,,,,,,
,11.05.2026,"77,50",2 307,162,94,245,,"🟢 выспался, энергия норм",11 786,Тренировка 1,Прогресс (визуально/сила),,"78,07",,,,,,,,,,,,,,
,12.05.2026,"77,60",2 205,162,51,258,,🟡 недоспал или сон так себе,8 227,,Общий ур. энергии,,"78,00",,,,,,,,,,,,,,
,13.05.2026,"77,40",2 323,181,73,225,,🟡 недоспал или сон так себе,12 624,"CF, 90 мин",,,"77,91",,,,,,,,,,,,,,
,14.05.2026,"77,70",2 291,175,97,169,,🟡 недоспал или сон так себе,11 138,,,,"77,88",,,,,,,,,,,,,,
,15.05.2026,"77,20",2 266,171,60,221,,🟡 недоспал или сон так себе,12 505,Тренировка 2,,,"77,78",,,,,,,,,,,,,,
,16.05.2026,"77,00",2 665,188,80,285,,"🟢 выспался, энергия норм",11 955,,,,"77,66",2939,"-0,92%",,,,"-0,50%",2511,,,,,,,
10 неделя,17.05.2026,"76,80",2 302,170,56,260,,"🟢 выспался, энергия норм",17 905,Тренировка 3,Легкость соблюдения плана,,"77,53",,,"2403,9","76,84","-0,50",,,,,,,,,
,18.05.2026,"76,90",2 390,166,61,279,,🟡 недоспал или сон так себе,8 605,,Прогресс (визуально/сила),,"77,44",,,,,,,,,,,,,,
,19.05.2026,"76,90",2 464,174,71,287,,"🟢 выспался, энергия норм",17 345,Тренировка 1,Общий ур. энергии,,"77,36",,,,,,,,,,,,,,
,20.05.2026,"76,70",2 386,179,63,271,,🟡 недоспал или сон так себе,10 578,,,,"77,26",,,,,,,,,,,,,,
,21.05.2026,"76,80",2 407,184,80,234,,🟡 недоспал или сон так себе,10 676,CF 115 мин,,,"77,19",,,,,,,,,,,,,,
,22.05.2026,"76,80",2 417,175,67,261,,🟡 недоспал или сон так себе,11 444,,,,"77,13",,,,,,,,,,,,,,
,23.05.2026,"77,00",2 461,162,90,286,,🟡 недоспал или сон так себе,18 577,,,,"77,11",2867,"-0,71%",,,,"-0,50%",2443,,,,,,,
11 неделя,24.05.2026,"77,30",2 410,162,80,252,,"🟢 выспался, энергия норм",14 988,Тренировка 2,Легкость соблюдения плана,,"77,14",,,"2447,6","76,47","-0,37",,,,,,,,,
,25.05.2026,"76,90",2 364,166,96,203,,🟡 недоспал или сон так себе,10 635,,Прогресс (визуально/сила),,"77,10",,,,,,,,,,,,,,
,26.05.2026,"76,30",2 452,170,79,262,,"🔴 не выспался, сильная сонливость",10 773,Тренировка 3,Общий ур. энергии,,"76,98",,,,,,,,,,,,,,
,27.05.2026,"76,10",2 411,171,76,246,,"🟢 выспался, энергия норм",8 999,,,,"76,85",,,,,,,,,,,,,,
,28.05.2026,"76,20",2 414,170,65,279,,🟡 недоспал или сон так себе,13 981,Тренировка 1,,,"76,75",,,,,,,,,,,,,,
,29.05.2026,"76,10",2 607,144,110,211,,🟡 недоспал или сон так себе,6 743,,,,"76,66",,,,,,,,,,,,,,
,30.05.2026,"76,40",2 475,173,64,286,,"🔴 не выспался, сильная сонливость",12 965,Тренировка 2,,,"76,62",3023,"-0,64%",,,,"-0,50%",2601,,,,,,,
12 неделя,31.05.2026,"75,90",2 404,170,78,254,,"🔴 не выспался, сильная сонливость",8 562,,Легкость соблюдения плана,,"76,51",,,"2506,6","76,26","-0,21",,,,,,,,,
,01.06.2026,"76,60",2 595,178,55,339,,🟡 недоспал или сон так себе,27 836,Тренировка 3,Прогресс (визуально/сила),,"76,52",,,,,,,,,,,,,,
,02.06.2026,"76,30",2 526,178,86,213,,🟡 недоспал или сон так себе,13 551,,Общий ур. энергии,,"76,49",,,,,,,,,,,,,,
,03.06.2026,"76,40",2 495,166,57,318,,🟡 недоспал или сон так себе,18 887,Тренировка 1,,,"76,48",,,,,,,,,,,,,,
,04.06.2026,"76,40",2 561,181,113,205,,"🔴 не выспался, сильная сонливость",10 402,,,,"76,46",,,,,,,,,,,,,,
,05.06.2026,"76,20",2 509,158,76,287,,"🟢 выспался, энергия норм",10 880,,,,"76,42",,,,,,,,,,,,,,
,06.06.2026,"76,00",2 456,173,73,269,,🟡 недоспал или сон так себе,15 294,Тренировка 2,,,"76,36",2670,"-0,33%",,,,"-0,50%",2250,,,,,,,
13 неделя,07.06.2026,"75,50",2 514,200,68,258,,🟡 недоспал или сон так себе,14 217,,Легкость соблюдения плана,,"76,23",,,"2562,3","75,80","-0,46",,,,,,,,,
,08.06.2026,"75,60",2 600,170,90,260,,🟡 недоспал или сон так себе,12 431,Тренировка 3,Прогресс (визуально/сила),,"76,14",,,,,,,,,,,,,,
,09.06.2026,"75,60",2 608,161,90,276,,"🔴 не выспался, сильная сонливость",8 278,,Общий ур. энергии,,"76,06",,,,,,,,,,,,,,
,10.06.2026,"76,00",2 538,172,62,306,,🟡 недоспал или сон так себе,14 185,"CF, 90 min",,,"76,05",,,,,,,,,,,,,,
,11.06.2026,"76,30",2 566,167,70,302,,🟡 недоспал или сон так себе,8 314,,,,"76,09",,,,,,,,,,,,,,
,12.06.2026,"76,10",2 532,160,61,313,,🟡 недоспал или сон так себе,12 730,Тренировка 1,,,"76,09",,,,,,,,,,,,,,
,13.06.2026,"75,50",2 578,171,78,275,,🟡 недоспал или сон так себе,12 083,,,,"76,00",2818,"-0,47%",,,,"-0,50%",2400,,,,,,,
14 неделя,14.06.2026,"75,50",2 609,170,88,273,,🟡 недоспал или сон так себе,13 560,Тренировка 3,Легкость соблюдения плана,,"75,92",,,"2554,6","75,53","-0,27",,,,,,,,,
,15.06.2026,"75,30",2 550,190,65,293,,🟡 недоспал или сон так себе,9 230,,Прогресс (визуально/сила),,"75,83",,,,,,,,,,,,,,
,16.06.2026,"75,60",2 500,166,84,256,,🟡 недоспал или сон так себе,11 976,,Общий ур. энергии,,"75,80",,,,,,,,,,,,,,
,17.06.2026,"75,60",2 502,179,69,278,,"🔴 не выспался, сильная сонливость",9 443,,,,"75,77",,,,,,,,,,,,,,
,18.06.2026,"75,80",2 563,173,52,343,,🟡 недоспал или сон так себе,13 849,"CF, 95 min",,,"75,77",,,,,,,,,,,,,,
,19.06.2026,"75,40",2 529,171,77,279,,🟡 недоспал или сон так себе,8 626,,,,"75,72",,,,,,,,,,,,,,
,20.06.2026,"75,50",2 629,137,82,316,,🟡 недоспал или сон так себе,14 507,Тренировка 1,,,"75,68",2820,"-0,42%",,,,"0,30%",3070,,,,,,,
15 неделя,21.06.2026,"75,50",2 575,168,103,242,,🟡 недоспал или сон так себе,10 311,,Легкость соблюдения плана,,"75,66",,,"2608,4","75,40","-0,13",,,,,,,,,
,22.06.2026,"75,60",2 611,183,62,323,,🟡 недоспал или сон так себе,12 943,Тренировка 2,Прогресс (визуально/сила),,"75,65",,,,,,,,,,,,,,
,23.06.2026,"75,40",2 628,184,73,305,,🟡 недоспал или сон так себе,10 247,,Общий ур. энергии,,"75,61",,,,,,,,,,,,,,
,24.06.2026,"75,50",2 628,179,84,286,,🟡 недоспал или сон так себе,10 247,CF,,,"75,59",,,,,,,,,,,,,,
,25.06.2026,"75,20",2 620,177,104,250,,🟡 недоспал или сон так себе,10 283,,,,"75,53",,,,,,,,,,,,,,
,26.06.2026,"75,20",2 514,161,70,278,,🟡 недоспал или сон так себе,10 361,,,,"75,48",,,,,,,,,,,,,,
,27.06.2026,"75,40",2 683,164,95,276,,🟡 недоспал или сон так себе,15 826,Тренировка 3,,,"75,47",2811,"-0,28%",,,,"0,30%",3060,,,,,,,
16 неделя,28.06.2026,"74,90",,,,,,"🟢 выспался, энергия норм",10 223,,Легкость соблюдения плана,,"75,39",,,"2494,0","74,70","-0,70",,,,,,,,,
,29.06.2026,,,,,,,"🟢 выспался, энергия норм",,,Прогресс (визуально/сила),,,,,,,,,,,,,,,,
,30.06.2026,,,,,,,"🟢 выспался, энергия норм",,,Общий ур. энергии,,,,,,,,,,,,,,,,
,01.07.2026,,,,,,,"🟢 выспался, энергия норм",,,,,,,,,,,,,,,,,,,
,02.07.2026,,,,,,,"🟢 выспался, энергия норм",,,,,,,,,,,,,,,,,,,
,03.07.2026,,,,,,,"🟢 выспался, энергия норм",,,,,,,,,,,,,,,,,,,
,04.07.2026,"74,50",2 494,161,77,273,,🟡 недоспал или сон так себе,11 629,,,,"75,25",,"-0,29%",,,,"-0,50%",,,,,,,,
17 неделя,05.07.2026,"74,50",2 640,176,71,303,,"🟢 выспался, энергия норм",12 216,Тренировка 1,Легкость соблюдения плана,,"75,14",,,"2703,1","74,43","-0,27",,,,,,,,,
,06.07.2026,"74,40",2 654,161,70,322,,🟡 недоспал или сон так себе,12 511,,Прогресс (визуально/сила),,"75,03",,,,,,,,,,,,,,
,07.07.2026,"74,70",2 668,187,56,330,,🟡 недоспал или сон так себе,12 656,Тренировка 2,Общий ур. энергии,,"74,98",,,,,,,,,,,,,,
,08.07.2026,"74,50",2 630,167,64,326,,🟡 недоспал или сон так себе,7 383,,,,"74,91",,,,,,,,,,,,,,
,09.07.2026,"74,30",2 821,172,72,358,,"🔴 не выспался, сильная сонливость",11 667,CF,,,"74,82",,,,,,,,,,,,,,
,10.07.2026,"74,30",2 819,183,82,326,,"🔴 не выспался, сильная сонливость",10 432,,,,"74,74",,,,,,,,,,,,,,
,11.07.2026,"74,30",2 690,170,100,307,,🟡 недоспал или сон так себе,14 539,,,,"74,67",3217,"-0,77%",,,,"-0,50%",2806,,,,,,,
18 неделя,12.07.2026,"75,00",2 753,127,112,325,,🟡 недоспал или сон так себе,12 703,Тренировка 3,Легкость соблюдения плана,,"74,72",,,"2819,6","74,56","0,13",,,,,,,,,
,13.07.2026,"74,50",2 775,183,65,349,,🟡 недоспал или сон так себе,13 669,Тренировка 1,Прогресс (визуально/сила),,"74,69",,,,,,,,,,,,,,
,14.07.2026,"74,80",2 693,187,73,329,,🟡 недоспал или сон так себе,9 457,,Общий ур. энергии,,"74,71",,,,,,,,,,,,,,
,15.07.2026,"74,90",2 750,182,104,268,,🟡 недоспал или сон так себе,10 747,,,,"74,73",,,,,,,,,,,,,,
,16.07.2026,"74,50",2 802,169,99,305,,🟡 недоспал или сон так себе,14 145,CF,,,"74,70",,,,,,,,,,,,,,
,17.07.2026,"74,10",2 713,185,96,272,,🟡 недоспал или сон так себе,8 958,,,,"74,61",,,,,,,,,,,,,,
,18.07.2026,"74,10",3 251,242,150,207,,🟡 недоспал или сон так себе,9 590,Тренировка 2,,,"74,53",3028,"-0,19%",,,,"-0,50%",2618,,,,,,,
19 неделя,19.07.2026,"74,30",2 688,183,67,315,,🟡 недоспал или сон так себе,9 438,,Легкость соблюдения плана,,"74,50",,,"2772,4","74,46","-0,10",,,,,,,,,
,20.07.2026,"74,40",2 741,161,68,333,,🟡 недоспал или сон так себе,14 016,Тренировка 3,Прогресс (визуально/сила),,"74,48",,,,,,,,,,,,,,
,21.07.2026,"74,70",2 762,180,95,289,,🟡 недоспал или сон так себе,10 769,,Общий ур. энергии,,"74,52",,,,,,,,,,,,,,
,22.07.2026,"74,20",2 795,193,56,377,,🟡 недоспал или сон так себе,12 138,Тренировка 1,,,"74,47",,,,,,,,,,,,,,
,23.07.2026,"74,40",2 834,193,80,337,,"🟢 выспался, энергия норм",10 231,,,,"74,46",,,,,,,,,,,,,,
,24.07.2026,"74,70",2 780,175,79,324,,🟡 недоспал или сон так себе,12 596,CF,,,"74,49",,,,,,,,,,,,,,
,25.07.2026,"74,50",2 807,177,72,371,,"🟢 выспался, энергия норм",10 811,,,,"74,50",2776,"-0,05%",,,,"0,002",2939,,,,,,,
20 неделя,26.07.2026,"74,70",2 795,204,88,294,,🟡 недоспал или сон так себе,7 697,,Легкость соблюдения плана,,"74,53",,,"2799,6","74,47","0,01",,,,,,,,,
,27.07.2026,"74,50",2 792,195,73,337,,🟡 недоспал или сон так себе,12 682,Тренировка 2,Прогресс (визуально/сила),,"74,52",,,,,,,,,,,,,,
,28.07.2026,"74,50",2 818,195,82,319,,"🟢 выспался, энергия норм",10 372,,Общий ур. энергии,,"74,52",,,,,,,,,,,,,,
,29.07.2026,"74,10",2 844,170,80,358,,"🔴 не выспался, сильная сонливость",15 548,Тренировка 3,,,"74,46",,,,,,,,,,,,,,
,30.07.2026,"74,10",2 749,182,104,273,,"🟢 выспался, энергия норм",10 109,Отдых + отпуск,,,"74,40",,,,,,,,,,,,,,
,31.07.2026,"74,70",,,,,,"🟢 выспался, энергия норм",14 114,,,,"74,45",,,,,,,,,,,,,,
,01.08.2026,"74,70",,,,,,"🔴 не выспался, сильная сонливость",10 555,,,,"74,49",,"-0,01%",,,,"0,001",,,,,,,,
21 неделя,02.08.2026,"75,10",,,,,,"🟢 выспался, энергия норм",10 976,,Легкость соблюдения плана,,"74,58",,,,"75,16","0,69",,,,,,,,,
,03.08.2026,"75,10",,,,,,"🟢 выспался, энергия норм",8 844,,Прогресс (визуально/сила),,"74,66",,,,,,,,,,,,,,
,04.08.2026,"75,50",,,,,,"🟢 выспался, энергия норм",14 583,,Общий ур. энергии,,"74,78",,,,,,,,,,,,,,
,05.08.2026,"75,10",,,,,,"🟢 выспался, энергия норм",12 220,,,,"74,83",,,,,,,,,,,,,,
,06.08.2026,"75,10",,,,,,"🟢 выспался, энергия норм",10 250,,,,"74,87",,,,,,,,,,,,,,
,07.08.2026,"75,10",,,,,,"🟢 выспался, энергия норм",10 448,,,,"74,90",,,,,,,,,,,,,,
,08.08.2026,"75,10",,,,,,"🟢 выспался, энергия норм",7 345,,,,"74,93",,"0,60%",,,,"-0,50%",,,,,,,,
22 неделя,09.08.2026,"74,70",,,,,,"🟢 выспался, энергия норм",11 245,,Легкость соблюдения плана,,"74,90",,,"2761,2","75,07","-0,09",,,,,,,,,
,10.08.2026,"74,70",2 613,186,324,68,,"🟢 выспался, энергия норм",14 070,Тренировка 1,Прогресс (визуально/сила),,"74,87",,,,,,,,,,,,,,
,11.08.2026,"75,10",2 776,180,384,60,,"🟢 выспался, энергия норм",11 530,,Общий ур. энергии,,"74,90",,,,,,,,,,,,,,
,12.08.2026,"75,20",2 919,172,389,78,,"🟢 выспался, энергия норм",12 339,CF,,,"74,95",,,,,,,,,,,,,,
,13.08.2026,"75,40",2 679,167,345,71,,"🟢 выспался, энергия норм",10 800,,,,"75,02",,,,,,,,,,,,,,
,14.08.2026,"75,30",2 841,172,378,70,,"🟢 выспался, энергия норм",11 993,Тренировка 2,,,"75,06",,,,,,,,,,,,,,
,15.08.2026,"75,10",2 739,175,291,80,,🟡 недоспал или сон так себе,10 214,,,,"75,06",,"0,17%",,,,"0,20%",,,,,,,,
23 неделя,16.08.2026,"75,00",2 798,175,316,81,,"🟢 выспался, энергия норм",17 979,Тренировка 3,Легкость соблюдения плана,,"75,06",,,"2889,6","75,46","0,39",,,,,,,,,
,17.08.2026,"74,80",2 833,200,334,72,,"🟢 выспался, энергия норм",10 208,,Прогресс (визуально/сила),,"75,02",,,,,,,,,,,,,,
,18.08.2026,"75,50",2 817,162,299,106,,"🟢 выспался, энергия норм",14 251,Тренировка 1,Общий ур. энергии,,"75,09",,,,,,,,,,,,,,
,19.08.2026,"75,80",2 784,200,303,89,,"🔴 не выспался, сильная сонливость",8 507,,,,"75,20",,,,,,,,,,,,,,
,20.08.2026,"75,80",3 018,169,405,70,,"🟢 выспался, энергия норм",12 922,CF,,,"75,29",,,,,,,,,,,,,,
,21.08.2026,"75,60",2 888,199,355,72,,"🟢 выспался, энергия норм",8 538,,,,"75,33",,,,,,,,,,,,,,
,22.08.2026,"75,70",3 089,159,385,101,,🟡 недоспал или сон так себе,15 157,Тренировка 2,,,"75,39",2523,"0,43%",,,,"0,20%",2689,,,,,,,
24 неделя,23.08.2026,"75,60",2 903,163,337,99,,🟡 недоспал или сон так себе,10 594,,Легкость соблюдения плана,,"75,42",,,"3058,5","75,53","0,08",,,,,,,,,
,24.08.2026,"75,40",3 214,189,395,103,,"🟢 выспался, энергия норм",11 378,Тренировка 3,Прогресс (визуально/сила),,"75,42",,,,,,,,,,,,,,
,25.08.2026,"75,60",,,,,,"🟢 выспался, энергия норм",,,Общий ур. энергии,,"75,44",,,,,,,,,,,,,,
,26.08.2026,,,,,,,"🟢 выспался, энергия норм",,,,,,,,,,,,,,,,,,,
,27.08.2026,,,,,,,"🟢 выспался, энергия норм",,,,,,,,,,,,,,,,,,,
,28.08.2026,,,,,,,"🟢 выспался, энергия норм",,,,,,,,,,,,,,,,,,,
,29.08.2026,,,,,,,"🟢 выспался, энергия норм",,,,,,,,,,,"0,20%",,,,,,,,
25 неделя,30.08.2026,,,,,,,"🟢 выспался, энергия норм",,,Легкость соблюдения плана,,,,,,,,,,,,,,,,
,31.08.2026,,,,,,,"🟢 выспался, энергия норм",,,Прогресс (визуально/сила),,,,,,,,,,,,,,,,
,01.09.2026,,,,,,,"🟢 выспался, энергия норм",,,Общий ур. энергии,,,,,,,,,,,,,,,,
,02.09.2026,,,,,,,"🟢 выспался, энергия норм",,,,,,,,,,,,,,,,,,,
,03.09.2026,,,,,,,"🟢 выспался, энергия норм",,,,,,,,,,,,,,,,,,,
,04.09.2026,,,,,,,"🟢 выспался, энергия норм",,,,,,,,,,,,,,,,,,,
,05.09.2026,,,,,,,"🟢 выспался, энергия норм",,,,,,,,,,,"0,20%",,,,,,,,
26 неделя,06.09.2026,,,,,,,"🟢 выспался, энергия норм",,,Легкость соблюдения плана,,,,,,,"0,00",,,,,,,,,
,07.09.2026,,,,,,,"🟢 выспался, энергия норм",,,Прогресс (визуально/сила),,,,,,,,,,,,,,,,
,08.09.2026,,,,,,,"🟢 выспался, энергия норм",,,Общий ур. энергии,,,,,,,,,,,,,,,,
,09.09.2026,,,,,,,"🟢 выспался, энергия норм",,,,,,,,,,,,,,,,,,,
,10.09.2026,,,,,,,"🟢 выспался, энергия норм",,,,,,,,,,,,,,,,,,,
,11.09.2026,,,,,,,"🟢 выспался, энергия норм",,,,,,,,,,,,,,,,,,,
,12.09.2026,,,,,,,"🟢 выспался, энергия норм",,,,,,,,,,,"0,20%",,,,,,,,
27 неделя,13.09.2026,,,,,,,"🟢 выспался, энергия норм",,,Легкость соблюдения плана,,,,,,,"0,00%",,,,,,,,,
,14.09.2026,,,,,,,"🟢 выспался, энергия норм",,,Прогресс (визуально/сила),,,,,,,,,,,,,,,,
,15.09.2026,,,,,,,"🟢 выспался, энергия норм",,,Общий ур. энергии,,,,,,,,,,,,,,,,
,16.09.2026,,,,,,,"🟢 выспался, энергия норм",,,,,,,,,,,,,,,,,,,
,17.09.2026,,,,,,,"🟢 выспался, энергия норм",,,,,,,,,,,,,,,,,,,
,18.09.2026,,,,,,,"🟢 выспался, энергия норм",,,,,,,,,,,,,,,,,,,
,19.09.2026,,,,,,,"🟢 выспался, энергия норм",,,,,,,,,,,"0,20%",,,,,,,,
28 неделя,20.09.2026,,,,,,,"🟢 выспался, энергия норм",,,Легкость соблюдения плана,,,,,,,"0,00%",,,,,,,,,
,21.09.2026,,,,,,,"🟢 выспался, энергия норм",,,Прогресс (визуально/сила),,,,,,,,,,,,,,,,
,22.09.2026,,,,,,,"🟢 выспался, энергия норм",,,Общий ур. энергии,,,,,,,,,,,,,,,,
,23.09.2026,,,,,,,"🟢 выспался, энергия норм",,,,,,,,,,,,,,,,,,,
,24.09.2026,,,,,,,"🟢 выспался, энергия норм",,,,,,,,,,,,,,,,,,,
,25.09.2026,,,,,,,"🟢 выспался, энергия норм",,,,,,,,,,,,,,,,,,,
,26.09.2026,,,,,,,"🟢 выспался, энергия норм",,,,,,,,,,,"0,20%",,,,,,,,
29 неделя,27.09.2026,,,,,,,"🟢 выспался, энергия норм",,,Легкость соблюдения плана,,,,,,,"0,00%",,,,,,,,,
,28.09.2026,,,,,,,"🟢 выспался, энергия норм",,,Прогресс (визуально/сила),,,,,,,,,,,,,,,,
,29.09.2026,,,,,,,"🟢 выспался, энергия норм",,,Общий ур. энергии,,,,,,,,,,,,,,,,
,30.09.2026,,,,,,,"🟢 выспался, энергия норм",,,,,,,,,,,,,,,,,,,
,01.10.2026,,,,,,,"🟢 выспался, энергия норм",,,,,,,,,,,,,,,,,,,
,02.10.2026,,,,,,,"🟢 выспался, энергия норм",,,,,,,,,,,,,,,,,,,
,03.10.2026,,,,,,,"🟢 выспался, энергия норм",,,,,,,,,,,"0,20%",,,,,,,,
30 неделя,04.10.2026,,,,,,,"🟢 выспался, энергия норм",,,Легкость соблюдения плана,,,,,,,"0,00%",,,,,,,,,
,05.10.2026,,,,,,,"🟢 выспался, энергия норм",,,Прогресс (визуально/сила),,,,,,,,,,,,,,,,
,06.10.2026,,,,,,,"🟢 выспался, энергия норм",,,Общий ур. энергии,,,,,,,,,,,,,,,,
,07.10.2026,,,,,,,"🟢 выспался, энергия норм",,,,,,,,,,,,,,,,,,,
,08.10.2026,,,,,,,"🟢 выспался, энергия норм",,,,,,,,,,,,,,,,,,,
,09.10.2026,,,,,,,"🟢 выспался, энергия норм",,,,,,,,,,,,,,,,,,,
,10.10.2026,,,,,,,"🟢 выспался, энергия норм",,,,,,,,,,,"0,20%",,,,,,,,
31 неделя,11.10.2026,,,,,,,"🟢 выспался, энергия норм",,,Легкость соблюдения плана,,,,,,,"0,00%",,,,,,,,,
,12.10.2026,,,,,,,"🟢 выспался, энергия норм",,,Прогресс (визуально/сила),,,,,,,,,,,,,,,,
,13.10.2026,,,,,,,"🟢 выспался, энергия норм",,,Общий ур. энергии,,,,,,,,,,,,,,,,
,14.10.2026,,,,,,,"🟢 выспался, энергия норм",,,,,,,,,,,,,,,,,,,
,15.10.2026,,,,,,,"🟢 выспался, энергия норм",,,,,,,,,,,,,,,,,,,
,16.10.2026,,,,,,,"🟢 выспался, энергия норм",,,,,,,,,,,,,,,,,,,
,17.10.2026,,,,,,,"🟢 выспался, энергия норм",,,,,,,,,,,"0,20%",,,,,,,,
32 неделя,18.10.2026,,,,,,,"🟢 выспался, энергия норм",,,Легкость соблюдения плана,,,,,,,"0,00%",,,,,,,,,
,19.10.2026,,,,,,,"🟢 выспался, энергия норм",,,Прогресс (визуально/сила),,,,,,,,,,,,,,,,
,20.10.2026,,,,,,,"🟢 выспался, энергия норм",,,Общий ур. энергии,,,,,,,,,,,,,,,,
,21.10.2026,,,,,,,"🟢 выспался, энергия норм",,,,,,,,,,,,,,,,,,,
,22.10.2026,,,,,,,"🟢 выспался, энергия норм",,,,,,,,,,,,,,,,,,,
,23.10.2026,,,,,,,"🟢 выспался, энергия норм",,,,,,,,,,,,,,,,,,,
,24.10.2026,,,,,,,"🟢 выспался, энергия норм",,,,,,,,,,,"0,20%",,,,,,,,
33 неделя,25.10.2026,,,,,,,"🟢 выспался, энергия норм",,,Легкость соблюдения плана,,,,,,,"0,00%",,,,,,,,,
,26.10.2026,,,,,,,"🟢 выспался, энергия норм",,,Прогресс (визуально/сила),,,,,,,,,,,,,,,,
,27.10.2026,,,,,,,"🟢 выспался, энергия норм",,,Общий ур. энергии,,,,,,,,,,,,,,,,
,28.10.2026,,,,,,,"🟢 выспался, энергия норм",,,,,,,,,,,,,,,,,,,
,29.10.2026,,,,,,,"🟢 выспался, энергия норм",,,,,,,,,,,,,,,,,,,
,30.10.2026,,,,,,,"🟢 выспался, энергия норм",,,,,,,,,,,,,,,,,,,
,31.10.2026,,,,,,,"🟢 выспался, энергия норм",,,,,,,,,,,"0,20%",,,,,,,,
34 неделя,01.11.2026,,,,,,,"🟢 выспался, энергия норм",,,Легкость соблюдения плана,,,,,,,"0,00%",,,,,,,,,
,02.11.2026,,,,,,,"🟢 выспался, энергия норм",,,Прогресс (визуально/сила),,,,,,,,,,,,,,,,
,03.11.2026,,,,,,,"🟢 выспался, энергия норм",,,Общий ур. энергии,,,,,,,,,,,,,,,,
,04.11.2026,,,,,,,"🟢 выспался, энергия норм",,,,,,,,,,,,,,,,,,,
,05.11.2026,,,,,,,"🟢 выспался, энергия норм",,,,,,,,,,,,,,,,,,,
,06.11.2026,,,,,,,"🟢 выспался, энергия норм",,,,,,,,,,,,,,,,,,,
,07.11.2026,,,,,,,"🟢 выспался, энергия норм",,,,,,,,,,,"0,20%",,,,,,,,
35 неделя,08.11.2026,,,,,,,"🟢 выспался, энергия норм",,,Легкость соблюдения плана,,,,,,,"0,00%",,,,,,,,,
,09.11.2026,,,,,,,"🟢 выспался, энергия норм",,,Прогресс (визуально/сила),,,,,,,,,,,,,,,,
,10.11.2026,,,,,,,"🟢 выспался, энергия норм",,,Общий ур. энергии,,,,,,,,,,,,,,,,
,11.11.2026,,,,,,,"🟢 выспался, энергия норм",,,,,,,,,,,,,,,,,,,
,12.11.2026,,,,,,,"🟢 выспался, энергия норм",,,,,,,,,,,,,,,,,,,
,13.11.2026,,,,,,,"🟢 выспался, энергия норм",,,,,,,,,,,,,,,,,,,
,14.11.2026,,,,,,,"🟢 выспался, энергия норм",,,,,,,,,,,"0,20%",,,,,,,,
36 неделя,15.11.2026,,,,,,,"🟢 выспался, энергия норм",,,Легкость соблюдения плана,,,,,,,"0,00%",,,,,,,,,
,16.11.2026,,,,,,,"🟢 выспался, энергия норм",,,Прогресс (визуально/сила),,,,,,,,,,,,,,,,
,17.11.2026,,,,,,,"🟢 выспался, энергия норм",,,Общий ур. энергии,,,,,,,,,,,,,,,,
,18.11.2026,,,,,,,"🟢 выспался, энергия норм",,,,,,,,,,,,,,,,,,,
,19.11.2026,,,,,,,"🟢 выспался, энергия норм",,,,,,,,,,,,,,,,,,,
,20.11.2026,,,,,,,"🟢 выспался, энергия норм",,,,,,,,,,,,,,,,,,,
,21.11.2026,,,,,,,"🟢 выспался, энергия норм",,,,,,,,,,,"0,20%",,,,,,,,
37 неделя,22.11.2026,,,,,,,"🟢 выспался, энергия норм",,,Легкость соблюдения плана,,,,,,,"0,00%",,,,,,,,,
,23.11.2026,,,,,,,"🟢 выспался, энергия норм",,,Прогресс (визуально/сила),,,,,,,,,,,,,,,,
,24.11.2026,,,,,,,"🟢 выспался, энергия норм",,,Общий ур. энергии,,,,,,,,,,,,,,,,
,25.11.2026,,,,,,,"🟢 выспался, энергия норм",,,,,,,,,,,,,,,,,,,
,26.11.2026,,,,,,,"🟢 выспался, энергия норм",,,,,,,,,,,,,,,,,,,
,27.11.2026,,,,,,,"🟢 выспался, энергия норм",,,,,,,,,,,,,,,,,,,
,28.11.2026,,,,,,,"🟢 выспался, энергия норм",,,,,,,,,,,"0,20%",,,,,,,,
38 неделя,29.11.2026,,,,,,,"🟢 выспался, энергия норм",,,Легкость соблюдения плана,,,,,,,"0,00%",,,,,,,,,
,30.11.2026,,,,,,,"🟢 выспался, энергия норм",,,Прогресс (визуально/сила),,,,,,,,,,,,,,,,
,01.12.2026,,,,,,,"🟢 выспался, энергия норм",,,Общий ур. энергии,,,,,,,,,,,,,,,,
,02.12.2026,,,,,,,"🟢 выспался, энергия норм",,,,,,,,,,,,,,,,,,,
,03.12.2026,,,,,,,"🟢 выспался, энергия норм",,,,,,,,,,,,,,,,,,,
,04.12.2026,,,,,,,"🟢 выспался, энергия норм",,,,,,,,,,,,,,,,,,,
,05.12.2026,,,,,,,"🟢 выспался, энергия норм",,,,,,,,,,,"0,20%",,,,,,,,
39 неделя,06.12.2026,,,,,,,"🟢 выспался, энергия норм",,,Легкость соблюдения плана,,,,,,,"0,00%",,,,,,,,,
,07.12.2026,,,,,,,"🟢 выспался, энергия норм",,,Прогресс (визуально/сила),,,,,,,,,,,,,,,,
,08.12.2026,,,,,,,"🟢 выспался, энергия норм",,,Общий ур. энергии,,,,,,,,,,,,,,,,
,09.12.2026,,,,,,,"🟢 выспался, энергия норм",,,,,,,,,,,,,,,,,,,
,10.12.2026,,,,,,,"🟢 выспался, энергия норм",,,,,,,,,,,,,,,,,,,
,11.12.2026,,,,,,,"🟢 выспался, энергия норм",,,,,,,,,,,,,,,,,,,
,12.12.2026,,,,,,,"🟢 выспался, энергия норм",,,,,,,,,,,"0,20%",,,,,,,,
40 неделя,13.12.2026,,,,,,,"🟢 выспался, энергия норм",,,Легкость соблюдения плана,,,,,,,"0,00%",,,,,,,,,
,14.12.2026,,,,,,,"🟢 выспался, энергия норм",,,Прогресс (визуально/сила),,,,,,,,,,,,,,,,
,15.12.2026,,,,,,,"🟢 выспался, энергия норм",,,Общий ур. энергии,,,,,,,,,,,,,,,,
,16.12.2026,,,,,,,"🟢 выспался, энергия норм",,,,,,,,,,,,,,,,,,,
,17.12.2026,,,,,,,"🟢 выспался, энергия норм",,,,,,,,,,,,,,,,,,,
,18.12.2026,,,,,,,"🟢 выспался, энергия норм",,,,,,,,,,,,,,,,,,,
,19.12.2026,,,,,,,"🟢 выспался, энергия норм",,,,,,,,,,,"0,20%",,,,,,,,
41 неделя,20.12.2026,,,,,,,"🟢 выспался, энергия норм",,,Легкость соблюдения плана,,,,,,,"0,00%",,,,,,,,,
,21.12.2026,,,,,,,"🟢 выспался, энергия норм",,,Прогресс (визуально/сила),,,,,,,,,,,,,,,,
,22.12.2026,,,,,,,"🟢 выспался, энергия норм",,,Общий ур. энергии,,,,,,,,,,,,,,,,
,23.12.2026,,,,,,,"🟢 выспался, энергия норм",,,,,,,,,,,,,,,,,,,
,24.12.2026,,,,,,,"🟢 выспался, энергия норм",,,,,,,,,,,,,,,,,,,
,25.12.2026,,,,,,,"🟢 выспался, энергия норм",,,,,,,,,,,,,,,,,,,
,26.12.2026,,,,,,,"🟢 выспался, энергия норм",,,,,,,,,,,"0,20%",,,,,,,,
42 неделя,27.12.2026,,,,,,,"🟢 выспался, энергия норм",,,Легкость соблюдения плана,,,,,,,"0,00%",,,,,,,,,
,28.12.2026,,,,,,,"🟢 выспался, энергия норм",,,Прогресс (визуально/сила),,,,,,,,,,,,,,,,
,29.12.2026,,,,,,,"🟢 выспался, энергия норм",,,Общий ур. энергии,,,,,,,,,,,,,,,,
,30.12.2026,,,,,,,"🟢 выспался, энергия норм",,,,,,,,,,,,,,,,,,,
,31.12.2026,,,,,,,"🟢 выспался, энергия норм",,,,,,,,,,,,,,,,,,,
,01.01.2027,,,,,,,"🟢 выспался, энергия норм",,,,,,,,,,,,,,,,,,,
,02.01.2027,,,,,,,"🟢 выспался, энергия норм",,,,,,,,,,,"0,20%",,,,,,,,